{
  "name": "Smeltery structure Tier 1",
  "controllerIds": "mm:smeltery_controller",
  "layout": [
    [
      "111",
      "1 1",
      "111"
    ],
    [
      "121",
      "314",
      "1C1"
    ],
    [
      "111",
      "111",
      "111"
    ]
  ],
  "key": {
    "1": {
      "block": "minecraft:bricks"
    },
    "2": {
      "block": "mm:smeltery_fluid_port"
    },
    "3": {
      "block": "mm:smeltery_material_port"
    },
    "4": {
      "block": "mm:smeltery_template_port"
    }
  }
}