{"stats":{"minecraft:used":{"minecraft:oak_log":170,"minecraft:oak_door":8,"minecraft:jigsaw":72,"minecraft:acacia_door":5,"minecraft:spruce_door":9,"minecraft:jungle_door":5,"minecraft:iron_door":8,"minecraft:dark_oak_door":1,"exdeorum:dust":47,"minecraft:structure_block":114,"minecraft:birch_door":4},"minecraft:custom":{"minecraft:time_since_rest":74656,"minecraft:crouch_one_cm":3523,"minecraft:sprint_one_cm":3034,"minecraft:play_time":74656,"minecraft:walk_one_cm":50587,"minecraft:sneak_time":3164,"minecraft:jump":124,"minecraft:leave_game":4,"minecraft:time_since_death":74656,"minecraft:climb_one_cm":12830,"minecraft:total_world_time":120372,"minecraft:fly_one_cm":1326489},"minecraft:picked_up":{"minecraft:dark_oak_door":2,"minecraft:acacia_door":4,"minecraft:birch_door":3,"minecraft:oak_door":6,"minecraft:jungle_door":2,"minecraft:iron_door":8,"minecraft:spruce_door":8}},"DataVersion":3465}