{"stats":{"minecraft:used":{"minecraft:oak_log":170,"minecraft:oak_door":8,"minecraft:jigsaw":72,"minecraft:acacia_door":5,"minecraft:spruce_door":9,"constructionwand:infinity_wand":56,"minecraft:jungle_door":5,"minecraft:structure_void":3127,"minecraft:iron_door":8,"minecraft:dark_oak_door":1,"exdeorum:dust":47,"minecraft:structure_block":114,"minecraft:birch_door":4},"minecraft:custom":{"minecraft:time_since_rest":116891,"minecraft:crouch_one_cm":4417,"minecraft:sprint_one_cm":5489,"minecraft:play_time":116891,"minecraft:walk_one_cm":91505,"minecraft:sneak_time":4025,"minecraft:walk_under_water_one_cm":142,"minecraft:jump":156,"minecraft:use_wand":2767,"minecraft:leave_game":8,"minecraft:walk_on_water_one_cm":3304,"minecraft:time_since_death":116891,"minecraft:climb_one_cm":12830,"minecraft:total_world_time":173697,"minecraft:fly_one_cm":1824168},"minecraft:picked_up":{"minecraft:dark_oak_door":2,"minecraft:acacia_door":4,"minecraft:birch_door":3,"minecraft:oak_door":6,"minecraft:jungle_door":2,"minecraft:iron_door":8,"minecraft:spruce_door":8}},"DataVersion":3465}