{"stats":{"minecraft:used":{"minecraft:oak_log":170,"minecraft:oak_door":8,"minecraft:jigsaw":72,"minecraft:acacia_door":5,"pneumaticcraft:diesel_bucket":6,"minecraft:spruce_door":9,"kubejs:pyrotheum_bucket":3,"constructionwand:infinity_wand":56,"minecraft:jungle_door":5,"minecraft:bucket":3,"minecraft:yellow_concrete":1,"minecraft:white_concrete":2,"minecraft:structure_void":3127,"minecraft:iron_door":8,"minecraft:dark_oak_door":1,"exdeorum:dust":47,"minecraft:structure_block":114,"minecraft:birch_door":4},"minecraft:custom":{"minecraft:time_since_rest":122549,"minecraft:crouch_one_cm":4733,"minecraft:sprint_one_cm":6414,"minecraft:play_time":122549,"minecraft:walk_one_cm":95906,"minecraft:sneak_time":4214,"minecraft:walk_under_water_one_cm":142,"minecraft:jump":169,"minecraft:use_wand":2767,"minecraft:leave_game":12,"minecraft:walk_on_water_one_cm":3304,"minecraft:time_since_death":122549,"minecraft:climb_one_cm":12830,"minecraft:total_world_time":216565,"minecraft:fall_one_cm":211,"minecraft:fly_one_cm":1950795},"minecraft:picked_up":{"minecraft:dark_oak_door":2,"minecraft:acacia_door":4,"minecraft:birch_door":3,"minecraft:oak_door":6,"minecraft:jungle_door":2,"minecraft:iron_door":8,"minecraft:spruce_door":8}},"DataVersion":3465}